"pathway","pval","padj","log2err","ES","NES","size","leadingEdge"
"HALLMARK_TNFA_SIGNALING_VIA_NFKB",2.00770562095369e-17,1.00385281047685e-15,1.07686819261983,0.512707491867369,2.57503026830767,200,"CD44;ABCA1;CEBPB;ZFP36;EFNA1;MAFF;TIPARP;SOCS3;CXCL2;F3;NFKBIA;NFE2L2;TNC;PFKFB3;ACKR3;BCL6;KYNU;SGK1;GADD45A;BCL2A1;TAP1;CCN1;IL23A;ATF3;NR4A2;GADD45B;NFIL3;KLF2;IL6;TNFAIP8;SDC4;EHD1;SERPINB8;DRAM1;F2RL1;FOS;STAT5A;DENND5A;MAP2K3;CXCL6;KLF4;CCL2;NFAT5;CXCL10;TNFAIP3;MCL1;INHBA;BMP2;PMEPA1;TRIP10;TNFAIP2;GEM;JUN;TNFAIP6;LIF;IRS2;PDLIM5;KLF6;PLAUR;CXCL3;CD69;RHOB;IRF1;ICAM1;CSF1;LITAF;NFKB1;IER2;SPHK1;LDLR;ZBTB10;TANK;G0S2;FOSL2;CCND1;TNF;TLR2;CCL4;CEBPD;PLPP3;IL7R;CD80;CDKN1A;TNFRSF9;PLEK;KLF9;ID2;DUSP1;MAP3K8;TGIF1;CCRL2;BTG2;SPSB1;PHLDA1;TNFSF9"
"HALLMARK_EPITHELIAL_MESENCHYMAL_TRANSITION",8.76433546699469e-11,1.46072257783245e-09,0.839088935621274,0.434593768401766,2.1827106601788,200,"CD44;SPP1;FGF2;VCAN;TNC;GREM1;FN1;TGFBR3;GADD45A;CCN1;ITGB5;ITGAV;CXCL8;GADD45B;TNFRSF11B;FSTL1;MYL9;IL6;SDC4;PDGFRB;DPYSL3;NOTCH2;THBS2;CXCL6;MMP14;ELN;TNFAIP3;FZD8;SDC1;IGFBP3;VCAM1;SFRP1;INHBA;ECM2;COL8A2;NTM;PMEPA1;PRRX1;TIMP3;GEM;SERPINE2;JUN;VIM;COL1A2;DST;PLAUR;FERMT2;RHOB;COL1A1;MATN2;OXTR;CDH6;TGM2;MCM7;CALD1;SPARC;CCN2;GAS1;FMOD;LAMC2;CDH2;TGFBI;ITGA5"
"HALLMARK_IL6_JAK_STAT3_SIGNALING",1.94005793509499e-06,1.38575566792499e-05,0.627256739718528,0.478772516777311,2.08087408802235,87,"CD44;OSMR;SOCS3;IL13RA1;TNFRSF1A;CSF2RB;IL7;LEPR;A2M;IL6;IL1R1;IL2RG;PTPN2;CXCL10;PIM1;STAT2;IL4R;JUN;TNFRSF1B;CXCL3;IRF1;CSF1;CD9;STAT3;MYD88;TNF;HMOX1;TLR2;ACVRL1;ITGB3;PF4;MAP3K8;PTPN11;STAM2;IFNGR1;IL17RB;IL17RA;IL6ST;CSF2RA;CXCL1;ACVR1B;IL9R;PTPN1"
"HALLMARK_INFLAMMATORY_RESPONSE",4.29903268192481e-09,5.37379085240601e-08,0.761460801445585,0.408379843136992,2.05105342466212,200,"APLNR;ABCA1;LPAR1;SLC7A2;OSMR;F3;NFKBIA;STAB1;KCNJ2;RTP4;PDPN;OSM;SLAMF1;ITGB8;CXCL8;ADM;IL6;CLEC5A;BST2;CXCL6;IL1R1;SLC31A2;CCL2;MMP14;CXCL10;FZD5;SELENOS;ADORA2B;INHBA;IL4R;P2RX7;RGS16;TNFAIP6;LIF;TNFRSF1B;PTAFR;KLF6;PLAUR;CD69;RGS1;IRF1;ICAM1;CSF1;NFKB1;EREG;BEST1;SPHK1;LDLR;C5AR1;GNAI3;RNF144B;HRH1;TLR2;RASGRP1;ITGA5;DCBLD2;KIF1B;GP1BA;IL7R;MEP1A;CDKN1A;IFITM1;TNFRSF9;ITGB3;SELE;TLR1;CCRL2;BTG2;TNFSF9;CD40;SGMS2;CD48;SLC11A2"
"HALLMARK_TGF_BETA_SIGNALING",6.27016249298938e-05,0.000261256770541224,0.538434096309916,0.510919797651817,2.03275088634921,54,"HIPK2;TGFBR1;WWTR1;XIAP;ID3;ENG;TJP1;APC;BMP2;PMEPA1;ARID4B;MAP3K7;SKIL;CDKN1C;SPTBN1;SMAD1;UBE2D3;ID2;BCAR3;RAB31;TGIF1;CDH1;ID1;SMAD6;NOG;SLC20A1;HDAC1"
"HALLMARK_KRAS_SIGNALING_UP",4.27565698475437e-08,4.27565698475437e-07,0.719512826338911,0.390084033013452,1.9591642566694,200,"SPP1;SERPINA3;EMP1;ADGRL4;PECAM1;NR0B2;ABCB1;SOX9;CA2;CFB;MPZL2;F13A1;ST6GAL1;SEMA3B;F2RL1;MMP10;ATG10;ETS1;ALDH1A2;KLF4;IL2RG;CXCL10;TNFAIP3;ENG;IGFBP3;WDR33;INHBA;BMP2;ANGPTL4;PRRX1;RGS16;LAPTM5;LIF;TNFRSF1B;CXCR4;PLAUR;USP12;TFPI;CFHR2;GNG11;EREG;MAFB;GPRC5B;LAT2;IL1RL2;HSD11B1;USH1C;PRELID3B;CDADC1;NR1H4;LY96;G0S2;DCBLD2;TMEM176A;ADAMDEC1;MAP3K1;RELN;IL7R;TOR1AIP2;ADAM17;ID2"
"HALLMARK_IL2_STAT5_SIGNALING",1.90095272193975e-07,1.58412726828313e-06,0.690132458796796,0.384896552156659,1.9322513907874,199,"CD44;SPP1;HIPK2;HK2;EMP1;PLSCR1;AHNAK;NFKBIZ;MAFF;IGF1R;NDRG1;ITGAV;LRIG1;GADD45B;NFIL3;ABCB1;CA2;IL1RL1;GPR65;MAPKAPK2;DENND5A;CXCL10;ITIH5;IKZF2;PIM1;P4HA1;MYO1C;IL4R;BCL2;BMP2;RGS16;LIF;TNFRSF1B;KLF6;CDKN1C;RRAGD;RHOB;CSF1;IRF6;PLIN2;PRKCH;HUWE1;SELP;TGM2;ITGA6;EOMES;SLC29A2;SYNGR2;PRNP;TNFRSF9;TNFRSF18;COL6A1;NCOA3;MAP3K8;MAP6;PHLDA1;IFNGR1;ENPP1;PLPP1;CD48;UCK2;SHE;SELL;CCNE1;CYFIP1;CAPN3;TLR7;IRF4"
"HALLMARK_UV_RESPONSE_DN",4.18674475840334e-06,2.32596931022408e-05,0.610526878385931,0.397666549044268,1.90016948663975,143,"LPAR1;IGF1R;ATP2B4;F3;NEK7;MT1E;TGFBR3;CCN1;PIK3R3;PPARG;PDGFRB;NOTCH2;SDC2;KIT;RBPMS;TJP1;ADORA2B;DLC1;ATXN1;ADD3;COL1A2;PDLIM5;CELF2;TFPI;SPOP;NFIB;NFKB1;LTBP1;NR1D2;COL1A1;NIPBL;LDLR;CAV1;PIK3CD;SYNJ2;RND3;PLPP3;PLCB4;YTHDC1;CDKN1B;SFMBT1;ITGB3;DUSP1;PTPRM;LAMC1;IGFBP5;GJA1;ERBB2;ANXA2;ID1;CDK13;TENT4A;FZD2;PTPN21;SYNE1"
"HALLMARK_INTERFERON_GAMMA_RESPONSE",2.7365493582972e-06,1.71034334893575e-05,0.627256739718528,0.360261238327384,1.80938177792611,200,"FCGR1A;PLSCR1;MT2A;SOCS3;TXNIP;NFKBIA;MTHFD2;RNF213;CSF2RB;RTP4;TAP1;LATS2;IL7;PARP14;TMT1B;SPPL2A;IL6;CFB;IRF5;BST2;PNPT1;CCL2;CASP4;PTPN2;PELI1;CXCL10;TNFAIP3;PIM1;NLRC5;VCAM1;STAT2;IL4R;P2RY14;TNFAIP2;MX2;TNFAIP6;GBP6;OAS3;CD69;IRF1;KLRK1;CIITA;IFNAR2;GPR18;NOD1;ICAM1;STAT3;NFKB1;SELP;CASP7;C1S;RIPK1;MYD88;SAMHD1;EPSTI1;CD274;BATF2;CDKN1A;IFI27;NCOA3;PARP12;PSMB9;TRIM26;OAS2;TRIM25;CD40;B2M;TDRD7;RAPGEF6;IRF2;IFI30;ISG20;TRIM21;BTG1;IRF4;IFI44"
"HALLMARK_HYPOXIA",5.00758135002963e-06,2.50379067501482e-05,0.610526878385931,0.355164319541123,1.78378293188248,200,"HK2;DTNA;CP;ZFP36;EFNA1;MT2A;MAFF;TIPARP;NDRG1;F3;PFKFB3;ACKR3;MT1E;DDIT4;CCN1;AK4;TES;ATF3;TGFB3;WSB1;NFIL3;ADM;IL6;SDC4;FOS;SDC2;ETS1;PPP1R3C;ERRFI1;TNFAIP3;PIM1;P4HA1;IGFBP3;ADORA2B;BCL2;ANGPTL4;JUN;ZNF292;IRS2;HSPA5;KLF6;CXCR4;SLC2A1;PLAUR;CDKN1C;RRAGD;MXI1;VHL;PLIN2;NOCT;PLAC8;STC1;CCNG2;TGM2;CAV1;CCN2;FOSL2;HMOX1;TGFBI;P4HA2;MAP3K1;CDKN1A;CDKN1B;DUSP1;LOX;XPNPEP1;PCK1;CASP6"
"HALLMARK_APOPTOSIS",1.95249934464635e-05,8.8749970211198e-05,0.575610261071129,0.362547548469773,1.77699432922211,161,"CD44;EMP1;TXNIP;GSN;LEF1;TGFBR3;GADD45A;HGF;TGFB2;TAP1;DNAJC3;ATF3;XIAP;ERBB3;GADD45B;CDK2;IL6;PDGFRB;CASP4;CREBBP;LGALS3;MCL1;ANXA1;PMAIP1;PRF1;BMP2;TIMP3;JUN;CD69;RHOB;IRF1;TSPO;ROCK1;EREG;CASP7;BCL2L11;CAV1;CCND1;TNF;HMOX1;HMGB2;PDCD4;CDC25B;CDKN1A;CDKN1B;F2R;CASP6;GUCY2D;FASLG;ERBB2;BTG2;IFNGR1;BMF;CASP2;IER3"
"HALLMARK_ESTROGEN_RESPONSE_EARLY",0.000189402880156961,0.000676438857703434,0.518848077743792,0.324217211957333,1.62835368614513,200,"CD44;SLC7A2;AFF1;IGF1R;TIPARP;GAB2;ELF1;RHOBTB3;SFN;TFAP2C;MYOF;TOB1;LRIG1;PAPSS2;SLC26A2;MED13L;BCL11B;SLC22A5;SEMA3B;CALCR;FOS;KLK10;RHOD;KLF4;UGCG;PODXL;PDLIM3;MAST4;PMAIP1;FKBP5;DLC1;BCL2;RETREG1;ADD3;NAV2;TPD52L1;SLC2A1;ELOVL5;TMEM164;NRIP1;RBBP8;ELOVL2"
"HALLMARK_ANDROGEN_RESPONSE",0.00106095831584504,0.00312046563483836,0.45505986738723,0.365744711844698,1.62800563370163,101,"ADAMTS1;NDRG1;LIFR;SCD;SGK1;SLC38A2;CDC14B;ITGAV;NKX3-1;LMAN1;SLC26A2;CDK6;TNFAIP8;FKBP5;RPS6KA3;PMEPA1;MERTK;PDLIM5;ELOVL5;TARP;DBI;TMEM50A;ZBTB10;GNAI3;STEAP4;CCND1;MAF"
"HALLMARK_COMPLEMENT",0.00089627082833945,0.00280084633856078,0.477270815362862,0.305751273200613,1.53561006139707,200,"DOCK10;CP;CEBPB;PLSCR1;MAFF;F3;HSPA1A;FN1;KYNU;LAMP2;PRCP;CPM;GNB4;DGKG;IL6;CA2;CFB;EHD1;ANXA5;CASP4;DYRK2;MMP14;GPD2;TNFAIP3;LGALS3;PIM1;DOCK4;PHEX;HSPA5;PLAUR;ADRA2B;CDK5R1;IRF1;CALM1;CBLB;MMP8;CASP7;C1S;GNAI3;ERAP2;RASGRP1;GP1BA;APOBEC3G;PLEK;XPNPEP1;CTSS;PSMB9;CD46;NOTCH4"
"HALLMARK_P53_PATHWAY",0.00171352261378565,0.00475978503829348,0.45505986738723,0.296939391165648,1.49135312479927,200,"NHLH2;TXNIP;NDRG1;DDIT4;GADD45A;RPS12;ZFP36L1;TAP1;SLC7A11;DDB2;SFN;ATF3;TOB1;TGFA;DRAM1;FOS;CCNG1;HEXIM1;KLF4;RB1;WWP1;SDC1;KIF13B;MKNK2;BMP2;RGS16;JUN;LIF;TPD52L1;TM4SF1;CDK5R1;ANKRA2;EPHA2;PCNA;MAPKAPK3;ZBTB16;SPHK1;APAF1;SESN1;SLC19A2;SP1;STEAP3;HMOX1;VDR;CDKN1A;IRAK1;NUDT15;F2R;S100A10;ST14;AEN;RAD9A;NOTCH1;PERP;RPL18;BTG2;TNFSF9;CDKN2AIP;PITPNC1;ITGB4;IER3;TCHH;IFI30"
"HALLMARK_ALLOGRAFT_REJECTION",0.00282655827271045,0.00743831124397487,0.431707695803346,0.289981611771819,1.45640826281946,200,"NCR1;STAB1;TGFB2;TAP1;RPS3A;IL7;IL6;GPR65;SRGN;RPL9;ETS1;CCL2;IL2RG;IL11;PRF1;INHBA;IL4R;FGR;NPM1;CCL11;LIF;IL12A;CD3D;MAP3K7;GBP2;CD3E;IFNAR2;ICAM1;CSF1;PTPRC;EREG;HLA-DRA;CCL13;TNF;TLR2;RPL3L;CCL4;KLRD1;IL16;CD80;TLR6;CD1D;PF4;F2R;CTSS;TLR1;FASLG;FYB1;IFNGR1;CD40;B2M;IFNG;HLA-E;ELF4;IRF4;GZMB;ZAP70;NCF4;IL10;BRCA1;RIPK2;DARS1;ITGB2;HCLS1;GZMA;HLA-DMB;CD96;MBL2;ACHE;IFNGR2"
"HALLMARK_CHOLESTEROL_HOMEOSTASIS",0.0135073694118762,0.0337684235296904,0.380730400722792,0.344142723578444,1.44812807110348,74,"TP53INP1;PLSCR1;SCD;ATF3;HSD17B7;MVK;NFIL3;PPARG;ANXA5;SEMA3B;FADS2;ERRFI1;LGALS3;PLAUR;GNAI1;CD9;CPEB2;NIBAN1;GPX8;GLDC;LDLR;LPL"
"HALLMARK_INTERFERON_ALPHA_RESPONSE",0.0190157559970388,0.0396161583271641,0.352487857583619,0.318577804415049,1.41213576472694,97,"PLSCR1;TXNIP;ELF1;RTP4;TAP1;IL7;PARP14;PARP9;BST2;PNPT1;CXCL10;LPAR6;STAT2;CNP;IL4R;GBP2;IRF1;CSF1;OAS1;C1S;HLA-C;EPSTI1;BATF2;IFITM1;IFI27;PARP12;PSMB9;TRIM26;CCRL2;TRIM25;B2M;TDRD7;SELL;IRF2;IFI30;ISG20;TRIM21"
"HALLMARK_NOTCH_SIGNALING",0.0674698795180723,0.108822386319471,0.271288554688953,0.394748399804601,1.3675318943388,32,"FZD7;DLL1;TCF7L2;NOTCH2;FZD5;MAML2;FZD1;CCND1;NOTCH3;FBXW11;NOTCH1;LFNG;HES1;APH1A;ARRB1"
"HALLMARK_ESTROGEN_RESPONSE_LATE",0.0155769412109561,0.0344781444534697,0.380730400722792,0.266118669910306,1.3365586437697,200,"CD44;SERPINA3;AFF1;ZFP36;ATP2B4;GPER1;DNAJC1;PLXNB1;SGK1;SFN;TFAP2C;MYOF;TOB1;PAPSS2;SLC26A2;CA2;SLC22A5;SEMA3B;CALCR;FOS;KLK10;KLF4;PDLIM3;FGFR3;FKBP5;BCL2;CACNA2D2;ADD3;EMP2;TPD52L1;ELOVL5;NRIP1;RBBP8;CD9;UGDH;CAV1;RPS6KA2;CCND1;LAMC2;HSPB8;LLGL2;PDCD4;SLC7A5;PTGES;ID2;KCNK5;ST14;RAB31;CDH1;RET;PERP;TH;CXCL12;MICB;IL17RB"
"HALLMARK_WNT_BETA_CATENIN_SIGNALING",0.08274231678487,0.129284869976359,0.241339976815091,0.350272338287468,1.31603222224232,42,"LEF1;DLL1;WNT6;FZD8;GNAI1;FZD1;HDAC5;MAML1;ADAM17;NOTCH4;NOTCH1;NUMB;TP53;NKD1;PTCH1;AXIN2"
"HALLMARK_APICAL_SURFACE",0.119047619047619,0.175070028011204,0.199915231309662,0.340777054929571,1.29290408081704,44,"ADAM10;ADIPOR2;SLC34A3;NCOA6;ATP8B1;CRYBG1;IL2RG;PLAUR;MAL;CD160;GAS1;DCBLD2"
"HALLMARK_COAGULATION",0.0340016747157172,0.0607172762780663,0.321775918075361,0.270288791141358,1.28175481379894,138,"VWF;MAFF;F3;PECAM1;GSN;FN1;LAMP2;CFI;A2M;CFB;MMP10;MMP14;ANXA1;TF;TIMP3;F9;FGG;MMP7;CD9;P2RY1;MMP8;THBD;C1S;SPARC;GNG12;C8B;GP1BA;MEP1A;PLEK;ITGB3;PF4"
"HALLMARK_MITOTIC_SPINDLE",0.0421064376820335,0.0725973063483336,0.321775918075361,0.246488136711327,1.24107195592813,198,"PALLD;KIF5B;EZR;GSN;ANLN;SMC1A;HOOK3;PXN;NOTCH2;SEPTIN9;CNTRL;MID1IP1;LATS1;ITSN1;RICTOR;PCGF5;CD2AP;DOCK4;CDC42EP2;APC;SSH2;SUN2;NET1;DST;PDLIM5;WASF2;ARAP3;BIRC5;ARHGEF3;CTTN;SPTBN1;SMC3;FGD4;KIF2C;RAB3GAP1;ALMS1;ROCK1;PLEKHG2;PPP4R2"
"HALLMARK_PI3K_AKT_MTOR_SIGNALING",0.113513513513514,0.171990171990172,0.219250346703755,0.274393265000319,1.24093661122868,105,"ITPR2;PPP2R1B;TNFRSF1A;SFN;GNA14;PIK3R3;CDK2;MAP2K3;IL2RG;STAT2;RPS6KA3;MKNK2;GRK2;MAP3K7;RIT1;CXCR4;SLC2A1;NOD1;IRAK4;RIPK1;MYD88;MAPK1;PIKFYVE;MAPKAP1;CDKN1A;CDK1;CDKN1B;UBE2D3;PRKAR2A;PTPN11;FASLG;MKNK1"
"HALLMARK_ANGIOGENESIS",0.197674418604651,0.267127592708988,0.150169802128406,0.320297446269951,1.16474992615776,36,"SPP1;VCAN;ITGAV;FSTL1;CXCL6;STC1;THBD;LPL;KCNJ8;PF4"
"HALLMARK_G2M_CHECKPOINT",0.230031948881789,0.294912754976653,0.16440575583821,0.214562312820883,1.07762117526225,200,"MT2A;POLQ;DR1;SMARCC1;KIF5B;RPS6KA5;SMC1A;PURA;CCNT1;CTCF;NOTCH2;LBR;MCM3;XPO1;E2F3;FOXN3;H2AZ2;BIRC5;CASP8AP2;SLC12A2;KPNB1;FANCC;KIF2C;SRSF10;MAP3K20;CUL5;CDKN2C;DTYMK;SYNCRIP;HUS1;CCND1;CCNA2;E2F4;CDC25B;YTHDC1;SLC7A5;BUB3;CDK1;CDKN1B;SMC4;SNRPD1;TENT4A;UCK2;KATNA1;KNL1;CHEK1;TTK;UBE2C;BRCA2;ODC1;STAG1;RBL1;EFNA5;ATRX;RAD21;CUL4A;LMNB1;DKC1;CENPA"
"HALLMARK_HEME_METABOLISM",0.517571884984026,0.587172538392051,0.103958471559957,0.195840453786775,0.983592212439349,200,"KAT2B;NEK7;KDM7A;MFHAS1;SNCA;SLC7A11;LAMP2;CPOX;KLF3;SLC30A1;VEZF1;CA2;TNS1;TFRC;MAP2K3;HBBP1;MARCHF8;KHNYN;HTATIP2;MOSPD1;TFDP2;TCEA1;EPOR;SLC2A1;SLC25A37;TYR;MXI1;TAL1;PICALM;ACSL6;TRAK2;FOXJ2;FBXO7;TRIM10;P4HA2;SPTA1;MBOAT2;LMO2;RNF19A;ATG4A;BACH1;TMCC2;BTG2;SLC11A2;CCDC28A;SLC66A2;LPIN2;CTSE;EPB41;GMPS;CLCN3"
"HALLMARK_PROTEIN_SECRETION",0.528455284552846,0.587172538392051,0.0928481214159878,0.218724442067532,0.971990676126285,96,"ABCA1;ADAM10;LAMP2;LMAN1;MON2;YIPF6;GOSR2;RPS6KA3;SNAP23;SCRN1;DST;SGMS1;STX16;CAV2;VPS4B;AP3B1;VAMP3;MAPK1;KIF1B;TMED10;TMX1;ARFGAP3;ARFGEF2;SCAMP1;YKT6;TSPAN8;ANP32E"
"HALLMARK_E2F_TARGETS",0.878260869565217,0.878260869565217,0.0368389606870506,-0.178515669747967,-0.8240500246333,199,"TUBG1;MCM5;DCTPP1;RAD51C;NAA38;CDC20;NUP205;NOP56;PRDX4;UBE2S;UBE2T;POLD1;STMN1;CTPS1;H2AX;RNASEH2A;CDC25A;PNN;TUBB;TACC3;PPM1D;RPA3;POLE;MAD2L1;SUV39H1;CDK4;PMS2;WDR90;TBRG4;POLD2;TRIP13;HMGA1;SPC24;MELK;MCM4;BRMS1L;MSH2;GINS3;RANBP1;TRA2B;RACGAP1;RBBP7;SNRPB;KIF4A;EXOSC8"
"HALLMARK_SPERMATOGENESIS",0.841940532081377,0.859122991919773,0.042331839351853,-0.190545747267485,-0.833415288945257,135,"PCSK1N;CLPB;RPL39L;CLVS1;POMC;OAZ3;HBZ;IL13RA2;YBX2;PARP2;PRM2;CCNA1;MAST2;NCAPH;SCG3;NEK2;BUB1;IP6K1;NEFH;CHRM4;CLGN;TOPBP1;DMC1;DMRT1;TKTL1;NOS1;GSTM3;HOXB1;DBF4;ACE;ACTL7B;CRISP2;PACRG;CNIH2;TALDO1;TNP2;AURKA;DDX4"
"HALLMARK_PEROXISOME",0.816455696202532,0.850474683544304,0.0442407423477375,-0.196633485998817,-0.834619790531379,104,"CEL;ECH1;ABCC8;HSD3B7;CDK7;SCGB1A1;CTPS1;SLC25A4;ABCB4;PRDX5;FABP6;GSTK1;PEX14;ACOT8;DHCR24;HRAS;PEX11B;EHHADH;YWHAH;IDH2;MSH2;FDPS;MVP;ACSL4;CRAT;CRABP2;SLC25A19;HSD11B2;TOP2A"
"HALLMARK_APICAL_JUNCTION",0.737300435413643,0.784362165333663,0.0449543067640062,-0.192168468546195,-0.887078772537943,200,"AMH;TUBG1;SRC;ICAM5;GAMT;IKBKG;SLC30A3;ATP1A3;GTF2F1;COL9A1;NEGR1;GNAI2;NRXN2;THBS3;AMIGO2;ZYX;CERCAM;THY1;CADM3;ITGA3;DSC1;CDH4;RSU1;PFN1;MYH10;MYH9;ADRA1B;MAP4K2;SGCE;CLDN19;HRAS;NRTN;EVL;PPP2R2C;TSPAN4;NLGN3;DHX16;CAP1;YWHAH;CALB2"
"HALLMARK_BILE_ACID_METABOLISM",0.58712715855573,0.638181694082315,0.0590954798717342,-0.217516401278197,-0.933117713687376,111,"PEX7;ABCG4;AMACR;PFKM;FDXR;OPTN;HSD3B7;CYP46A1;HACL1;PEX11G;EFHC1;CYP27A1;PRDX5;GSTK1;ABCA4;SLC27A5;PHYH;AGXT;ABCA3;PEX1;CYP7A1;DHCR24;SOAT2"
"HALLMARK_UV_RESPONSE_UP",0.525757575757576,0.587172538392051,0.0626618230932491,-0.21657291261313,-0.971531901209095,158,"NPTXR;ALDOA;EPHX1;DGAT1;CCK;ATP6V1F;ALAS1;BSG;TUBA4A;GPX3;CDC34;KLHDC3;LHX2;EPCAM;OLFM1;GRINA;AP2S1;FGF18;PARP2;H2AX;SLC25A4;FOSB;MRPL23;AQP3;CREG1;NPTX2;ATP6V1C1;ASNS;CYB5B;SIGMAR1;NXF1"
"HALLMARK_HEDGEHOG_SIGNALING",0.445804195804196,0.530719280719281,0.0780892306943345,-0.293811315505237,-1.00616473472077,36,"L1CAM;GLI1;NRCAM;THY1;LDB1;NKX6-1;MYH9;CRMP1;ETS2;VEGFA;TLE3;PLG;NRP2;VLDLR;RASA1"
"HALLMARK_MYOGENESIS",0.358490566037736,0.43718361711919,0.0797705918628453,-0.228623500646665,-1.05536072520773,200,"TSC2;TNNT1;PDLIM7;FXYD1;KCNH1;CFD;PYGM;PFKM;PC;DMPK;GPX3;MAPRE3;FKBP1B;DES;SPTAN1;CD36;CACNG1;CDH13;LARGE1;TNNT2;AK1;MYH8;PPFIA4;NCAM1;COL4A2;PSEN2;ADCY9;FLII;DMD;COX6A2;ATP6AP1;LSP1;REEP1;PTP4A3;MYH9;PICK1;DENND2B;CHRNA1;SGCA;ANKRD2;CSRP3;OCEL1;GABARAPL2;FABP3;MYL6B;COL6A2;FDPS;RYR1;SGCG;NOS1;SORBS3;MYL11;TNNI1;COX7A1;MYH7;SOD3;CAMK2B;HSPB2;BIN1;MYOM2;CRAT;MYOZ1;ADAM12;CTF1;MYH11;TPM2;BDKRB2"
"HALLMARK_PANCREAS_BETA_CELLS",0.313793103448276,0.392241379310345,0.096887770327544,-0.311084732214887,-1.0959533754283,40,"SST;STXBP1;ABCC8;SPCS1;PCSK1;PCSK2;NEUROG3;NKX6-1;SYT13;NEUROD1;INS;PKLR"
"HALLMARK_UNFOLDED_PROTEIN_RESPONSE",0.224458204334365,0.294912754976653,0.11101149245045,-0.266558766432193,-1.15500127703257,113,"SLC1A4;SRPRA;ATP6V0D1;EXOSC10;SPCS1;KDELR3;IFIT1;EIF4EBP1;NOP56;GEMIN4;BANF1;EXOSC5;EXOSC1;SKIC3;SDAD1;TSPYL2;H2AX;NHP2;CNOT4;ZBTB17;ASNS;YIF1A;PDIA6;SLC30A5;YWHAZ;EXOSC4;CHAC1;TUBB2A;WFS1;PAIP1;DCTN1"
"HALLMARK_FATTY_ACID_METABOLISM",0.151840490797546,0.210889570552147,0.138022242496643,-0.262773433594462,-1.17430529085697,156,"REEP6;MIF;CEL;IDH3G;ALDOA;ECH1;EPHX1;LDHA;LTC4S;LGALS1;RAP1GDS1;CD36;ADSL;ALDH3A1;NSDHL;BPHL;IDH3B;MDH1;GSTZ1;UROS;ACADVL;APEX1;ACOT2;INMT;ACO2;GPD1;HMGCS1;ACOT8;SUCLA2;HPGD;AADAT;DHCR24;ECI1;EHHADH;ENO2;MIX23;ECHS1;CBR3;YWHAH;NCAPH2"
"HALLMARK_MTORC1_SIGNALING",0.132075471698113,0.188679245283019,0.144630528034484,-0.257249972922131,-1.1875048593642,200,"G6PD;CORO1A;TMEM97;ALDOA;GPI;TUBG1;LDHA;ATP5MC1;PSMC4;SLC1A4;FDXR;TPI1;MLLT11;GOT1;ENO1;TUBA4A;NUP205;TM7SF2;PGK1;SRD5A1;FKBP2;SORD;PSMD14;PGM1;ELOVL6;GAPDH;SQLE;ACACA;ABCF2;EBP;CDC25A;PSMD12;PHGDH;PSMA3;CTSC;HMGCS1;ASNS"
"HALLMARK_ADIPOGENESIS",0.0493468795355588,0.0822447992259313,0.245041785430996,-0.277894371637748,-1.28280253234343,200,"REEP6;ESYT1;NDUFB7;IDH3G;ALDOA;UQCRC1;DDT;BCKDHA;ECH1;DGAT1;DHRS7B;POR;SAMM50;LTC4S;CHCHD10;SDHB;GPX4;CYC1;GPX3;SLC25A10;CD36;UCP2;SNCG;NKIRAS1;UQCR11;PGM1;RTN3;COQ9;ELOVL6;GPHN;JAGN1;COX6A1;ACO2;UBC;UQCRQ;PEX14;CD151;PEMT;PHYH;UBQLN1"
"HALLMARK_XENOBIOTIC_METABOLISM",0.0259670435645463,0.0480871177121229,0.352487857583619,-0.289782806742771,-1.33768135039378,200,"TMEM97;RBP4;DDT;ECH1;EPHX1;BLVRB;VTN;POR;ALAS1;DHPS;PC;SLC35B1;PSMB10;PTGDS;GSS;NINJ1;DCXR;CD36;HACL1;LCAT;ALDH3A1;ASL;PGD;ANGPTL3;BPHL;CYP2E1;MTHFD1;CYP27A1;CYFIP2;ARPP19;REG1A;ACO2;DDC;AKR1C2;GSTA3"
"HALLMARK_KRAS_SIGNALING_DN",0.0242214025311978,0.0465796202523035,0.352487857583619,-0.290325466844202,-1.34018635165816,200,"ALOX12B;RGS11;PDK2;GPR19;GAMT;ABCG4;MAST3;DTNB;SLC30A3;EPHA5;ADRA2C;CCDC106;KLHDC8A;RYR2;SIDT1;SCGB1A1;SLC25A23;ATP4A;COPZ2;CACNG1;NGB;FGGY;DLK2;STAG3;YBX2;MACROH2A2;KRT15;HTR1D;MSH5;TLX1;GPR3;LGALS7;CCNA1;INSL5;KCNE2;KCND1;NRIP2;SMPX;KCNQ2;TENM2;CDH16;ENTPD7;SNCB;ARHGDIG"
"HALLMARK_MYC_TARGETS_V1",0.0224757649183571,0.0449515298367142,0.352487857583619,-0.29280359418424,-1.35162576300188,200,"PSMD8;SNRPA;LDHA;MCM5;LSM7;PSMC4;IMPDH2;CAD;CDC20;MRPL9;TCP1;CYC1;TRIM28;PSMB2;TUFM;GOT2;RUVBL2;PGK1;NOP56;PSMB3;PRDX4;PSMD1;CCT7;PSMD14;CTPS1;NHP2;APEX1;PHB1;SRM;SF3B3;MRPL23;NOP16;PABPC4;MAD2L1;TOMM70;SRPK1;CDK4;YWHAE;UBE2L3;PRPS2;CCT2;SERBP1;PRDX3;CUL1;POLD2;VDAC1;MRPS18B;HPRT1;MCM4;SSBP1;C1QBP;EIF2S2;COX5A;RANBP1;U2AF1;TRA2B;COPS5"
"HALLMARK_GLYCOLYSIS",0.0155253244751242,0.0344781444534697,0.380730400722792,-0.297631843816564,-1.37391369499068,200,"G6PD;MIF;HDLBP;ALDOA;PKM;MET;PYGB;LDHA;NDUFV3;PSMC4;GFUS;PC;TPI1;DPYSL4;SRD5A3;GOT1;ENO1;SLC25A10;KDELR3;GALE;PAM;GOT2;PGK1;NSDHL;STMN1;PGLS;ANKZF1;PPFIA4;MDH1;GNPDA1;SPAG4;CITED2;ARPP19;AKR1A1;PFKP;GMPPA;NDST3;BPNT1;CHPF;HAX1;B4GALT7;GMPPB"
"HALLMARK_REACTIVE_OXYGEN_SPECIES_PATHWAY",0.0158599464485961,0.0344781444534697,0.352487857583619,-0.424184298126384,-1.56487103774288,49,"G6PD;PRDX2;ATOX1;FES;NDUFB4;GPX4;GPX3;PRDX4;CDKN2D;PFKP;ABCC1;LSP1;SBNO2;LAMTOR5;HMOX2"
"HALLMARK_DNA_REPAIR",0.000167383758721348,0.000643783687389799,0.518848077743792,-0.389142293472974,-1.72846402077671,150,"VPS28;USP11;POLR2J;EDF1;IMPDH2;APRT;GTF2F1;GPX4;NELFE;POLR2I;CETN2;POLB;POLR2E;NPR2;POLL;BCAM;ZNF707;AK1;MPG;POLD1;SEC61A1;CANT1;CCNO;TAF10;SF3A3;NME3;BOLA2;ZWINT;RPA3;SAC3D1;VPS37B;POLR2C;PDE4B;POLR3C;MRPL40;SNAPC4;HPRT1;POLD4;NELFCD;POLH;DAD1;TAF12;AAAS;POLR2F"
"HALLMARK_MYC_TARGETS_V2",0.000411537210397233,0.00137179070132411,0.49849310876659,-0.496021313003388,-1.87861813603782,58,"TMEM97;NOC4L;MCM5;BYSL;DCTPP1;DUSP2;RRP12;MRTO4;PES1;NOP56;PUS1;LAS1L;EXOSC5;SORD;PHB1;SRM;WDR74;NOP16;CDK4;SUPV3L1;TBRG4;FARSA;IPO4;MCM4"
"HALLMARK_OXIDATIVE_PHOSPHORYLATION",2.02436136515175e-15,5.06090341287937e-14,1.00731795687447,-0.5236188819931,-2.41708838901403,199,"NDUFB7;IDH3G;NDUFA7;GPI;UQCRC1;BCKDHA;ECH1;NDUFS7;LDHA;ATP5F1D;ATP5MC1;ATP5MF;POR;NDUFB4;ATP5F1C;ATP6V1F;ALAS1;TIMM13;MRPS11;MRPS15;ATP6V1H;SDHB;GPX4;CYC1;TIMM50;ATP6V0B;ATP5F1B;ATP6V1E1;GOT2;BAX;NDUFV1;NDUFS1;PMPCA;HADHA;UQCR11;NDUFS6;NDUFB5;IDH3B;ATP6V0C;RHOT2;MDH1;COX6A1;NDUFA3;SLC25A4;NQO2;ACADVL;MRPL34;ACO2;ATP5F1A;ATP6AP1;UQCRQ;ABCB7;ATP5PB;ATP6V1C1;PHYH;SUCLA2;NDUFA8;NDUFC1;SLC25A11;TOMM70;COX7B;HTRA2;SUPV3L1;MRPL11;ECI1;MTRF1;PRDX3;ECHS1;VDAC1;IDH3A;COX5B;MRPS30;COX8A;SLC25A5;NDUFA2;TCIRG1;IDH2;NDUFA9;MRPS12;COX5A;ATP5PF;POLR2F;NDUFA4;SLC25A6;ETFB;HSD17B10;TIMM17A;CYCS;PDHB"
